{"type":"FeatureCollection","features":[{"type":"Feature","id":"movie-1949","geometry":{"type":"MultiPoint","coordinates":[[-122.2566367,38.1040864],[-118.200981,33.9463456],[-118.2353939,34.0581157]]},"properties":{"movie_id":"tt0443706","tmdb_id":1949,"title":"Zodiac","year":2007,"type":"movie","poster":"/images/posters/tt0443706.webp","thumbnail_52":"/images/thumbnails/tt0443706.webp","banner_1280":null,"trailer":"yNncHPl1UXg","top_genre":"Crime","genres":["Crime","Mystery","Thriller"],"short_description":"","imdb_rating":7.526,"locations_count":3,"location_names":["Vallejo, United States of America (Vallejo, California, USA)","South Gate, United States of America (South Gate, California, USA)","Los Angeles, United States of America (Terminal Annex - 900 North Alameda Street, Chinatown, Los Angeles, California, USA)"],"has_timeline":false,"centroid":[-119.56433720000001,35.3695159]}},{"type":"Feature","id":"movie-1778","geometry":{"type":"MultiPoint","coordinates":[[-118.7093459,34.0430103],[-118.242766,34.0536909],[-118.5538088,34.4127963]]},"properties":{"movie_id":"tt0415463","tmdb_id":1778,"title":"Zoey 101","year":2005,"type":"tv","poster":"/images/posters/tt0415463.webp","thumbnail_52":"/images/thumbnails/tt0415463.webp","banner_1280":null,"trailer":null,"top_genre":"Comedy","genres":["Comedy"],"short_description":"","imdb_rating":8.108,"locations_count":3,"location_names":["Malibu, United States of America (Pepperdine University - 24255 Pacific Coast Highway, Malibu, California, USA)","Los Angeles, United States of America (Los Angeles, California, USA)","Santa Clarita, United States of America (Santa Clarita, California, USA)"],"has_timeline":false,"centroid":[-118.50197356666666,34.1698325]}},{"type":"Feature","id":"movie-95941","geometry":{"type":"MultiPoint","coordinates":[[-123.113952,49.2608724],[-122.4193286,37.7792588]]},"properties":{"movie_id":"tt10314462","tmdb_id":95941,"title":"Zoey's Extraordinary Playlist","year":2020,"type":"tv","poster":"/images/posters/tt10314462.webp","thumbnail_52":"/images/thumbnails/tt10314462.webp","banner_1280":null,"trailer":"XtwQmnKFl_Q","top_genre":"Comedy","genres":["Comedy","Drama"],"short_description":"","imdb_rating":7.532,"locations_count":2,"location_names":["Vancouver, Canada (Vancouver, British Columbia, Canada)","San Francisco, United States of America (San Francisco, California, USA)"],"has_timeline":false,"centroid":[-122.7666403,43.520065599999995]}},{"type":"Feature","id":"movie-19908","geometry":{"type":"MultiPoint","coordinates":[[-84.4312162,33.8487661],[-83.2784851,30.8327022],[-84.7996573,33.3806716],[-118.242766,34.0536909],[-83.6123935,33.6259545]]},"properties":{"movie_id":"tt1156398","tmdb_id":19908,"title":"Zombieland","year":2009,"type":"movie","poster":"/images/posters/tt1156398.webp","thumbnail_52":"/images/thumbnails/tt1156398.webp","banner_1280":null,"trailer":"8m9EVP8X7N8","top_genre":"Comedy","genres":["Comedy","Horror"],"short_description":"","imdb_rating":7.258,"locations_count":5,"location_names":["Atlanta, United States of America (490 West Paces Ferry Rd, Atlanta, Georgia, USA)","Valdosta, United States of America (Valdosta, Georgia, USA)","Newnan, United States of America (Newnan, Georgia, USA)","Los Angeles, United States of America (Los Angeles, California, USA)","Rutledge, United States of America (Rutledge, Georgia, USA)"],"has_timeline":false,"centroid":[-90.87290362,33.14835706]}},{"type":"Feature","id":"movie-338967","geometry":{"type":"MultiPoint","coordinates":[[-83.6324022,32.8406946],[-83.5753386,34.1282559],[-84.5108218,33.4746821]]},"properties":{"movie_id":"tt1560220","tmdb_id":338967,"title":"Zombieland: Double Tap","year":2019,"type":"movie","poster":"/images/posters/tt1560220.webp","thumbnail_52":"/images/thumbnails/tt1560220.webp","banner_1280":null,"trailer":"ZlW9yhUKlkQ","top_genre":"Horror","genres":["Horror","Comedy","Action"],"short_description":"","imdb_rating":6.912,"locations_count":3,"location_names":["Macon, United States of America (Macon, Georgia, USA)","Jackson County, United States of America (Jackson, Georgia, USA)","Fayetteville, United States of America (Trilith Studios, 461 Sandy Creek Road, Fayetteville, Georgia, USA)"],"has_timeline":false,"centroid":[-83.90618753333334,33.481210866666665]}},{"type":"Feature","id":"movie-62517","geometry":{"type":"MultiPoint","coordinates":[[-90.0730259,29.9559145],[-123.113952,49.2608724]]},"properties":{"movie_id":"tt3250026","tmdb_id":62517,"title":"Zoo","year":2015,"type":"tv","poster":"/images/posters/tt3250026.webp","thumbnail_52":"/images/thumbnails/tt3250026.webp","banner_1280":null,"trailer":"Q-sIi0fw8nM","top_genre":"Drama","genres":["Drama"],"short_description":"","imdb_rating":6.721,"locations_count":2,"location_names":["New Orleans, United States of America (New Orleans, Louisiana, USA)","Vancouver, Canada (Vancouver, British Columbia, Canada)"],"has_timeline":false,"centroid":[-106.59348895,39.608393449999994]}},{"type":"Feature","id":"movie-9398","geometry":{"type":"MultiPoint","coordinates":[[-74.5923824,41.0817636],[-118.242766,34.0536909],[-74.0080691,40.7408029],[-73.8987469,40.9312099]]},"properties":{"movie_id":"tt0196229","tmdb_id":9398,"title":"Zoolander","year":2001,"type":"movie","poster":"/images/posters/tt0196229.webp","thumbnail_52":"/images/thumbnails/tt0196229.webp","banner_1280":null,"trailer":"YtQq0T3ExLs","top_genre":"Comedy","genres":["Comedy"],"short_description":"","imdb_rating":6.207,"locations_count":4,"location_names":["Ogdensburg, United States of America (Ogdensburg, New Jersey, USA)","Los Angeles, United States of America (Los Angeles, California, USA)","City of New York, United States of America (Meatpacking District, Manhattan, New York City, New York, USA)","City of Yonkers, United States of America (Yonkers, New York, USA)"],"has_timeline":false,"centroid":[-85.18549110000001,39.201866825]}}]}